<?xml version="1.0" encoding="utf-8" standalone="yes"?>
<rss version="2.0" xmlns:atom="http://www.w3.org/2005/Atom">
  <channel>
    <title>plot on Data science for students</title>
    <link>/tags/plot/</link>
    <description>Recent content in plot on Data science for students</description>
    <generator>Hugo -- gohugo.io</generator>
    <language>en-us</language>
    <lastBuildDate>Sun, 26 Apr 2020 00:00:00 +0000</lastBuildDate>
    
	<atom:link href="/tags/plot/index.xml" rel="self" type="application/rss+xml" />
    
    
    <item>
      <title>New Test</title>
      <link>/2020/04/26/new-test/</link>
      <pubDate>Sun, 26 Apr 2020 00:00:00 +0000</pubDate>
      
      <guid>/2020/04/26/new-test/</guid>
      <description>yesR MarkdownThis is an R Markdown document. Markdown is a simple formatting syntax for authoring HTML, PDF, and MS Word documents. For more details on using R Markdown see http://rmarkdown.rstudio.com.
When you click the Knit button a document will be generated that includes both content as well as the output of any embedded R code chunks within the document. You can embed an R code chunk like this:</description>
    </item>
    
    <item>
      <title>notoc</title>
      <link>/2020/04/19/notoc/</link>
      <pubDate>Sun, 19 Apr 2020 00:00:00 +0000</pubDate>
      
      <guid>/2020/04/19/notoc/</guid>
      <description>noThis is an abstract.
Hi, this is my tochi again</description>
    </item>
    
  </channel>
</rss>