<?xml version="1.0" encoding="utf-8" standalone="yes"?>
<rss version="2.0" xmlns:atom="http://www.w3.org/2005/Atom">
  <channel>
    <title>Tags on Data science for students</title>
    <link>/tags/</link>
    <description>Recent content in Tags on Data science for students</description>
    <generator>Hugo -- gohugo.io</generator>
    <language>en-us</language>
    <lastBuildDate>Sun, 26 Apr 2020 00:00:00 +0000</lastBuildDate>
    
	<atom:link href="/tags/index.xml" rel="self" type="application/rss+xml" />
    
    
    <item>
      <title>DatavViz</title>
      <link>/tags/datavviz/</link>
      <pubDate>Sun, 26 Apr 2020 00:00:00 +0000</pubDate>
      
      <guid>/tags/datavviz/</guid>
      <description></description>
    </item>
    
    <item>
      <title>ggplot2</title>
      <link>/tags/ggplot2/</link>
      <pubDate>Sun, 26 Apr 2020 00:00:00 +0000</pubDate>
      
      <guid>/tags/ggplot2/</guid>
      <description></description>
    </item>
    
    <item>
      <title>plot</title>
      <link>/tags/plot/</link>
      <pubDate>Sun, 26 Apr 2020 00:00:00 +0000</pubDate>
      
      <guid>/tags/plot/</guid>
      <description></description>
    </item>
    
    <item>
      <title>R</title>
      <link>/tags/r/</link>
      <pubDate>Sun, 26 Apr 2020 00:00:00 +0000</pubDate>
      
      <guid>/tags/r/</guid>
      <description></description>
    </item>
    
    <item>
      <title>Article reviews</title>
      <link>/tags/article-reviews/</link>
      <pubDate>Fri, 24 Apr 2020 00:00:00 +0000</pubDate>
      
      <guid>/tags/article-reviews/</guid>
      <description></description>
    </item>
    
    <item>
      <title>R libraries</title>
      <link>/tags/r-libraries/</link>
      <pubDate>Fri, 24 Apr 2020 00:00:00 +0000</pubDate>
      
      <guid>/tags/r-libraries/</guid>
      <description></description>
    </item>
    
    <item>
      <title>Recommander system</title>
      <link>/tags/recommander-system/</link>
      <pubDate>Fri, 24 Apr 2020 00:00:00 +0000</pubDate>
      
      <guid>/tags/recommander-system/</guid>
      <description></description>
    </item>
    
    <item>
      <title>Tutorial</title>
      <link>/tags/tutorial/</link>
      <pubDate>Fri, 24 Apr 2020 00:00:00 +0000</pubDate>
      
      <guid>/tags/tutorial/</guid>
      <description></description>
    </item>
    
    <item>
      <title>R Markdown</title>
      <link>/tags/r-markdown/</link>
      <pubDate>Mon, 20 Apr 2020 00:00:00 +0000</pubDate>
      
      <guid>/tags/r-markdown/</guid>
      <description></description>
    </item>
    
    <item>
      <title>toc</title>
      <link>/tags/toc/</link>
      <pubDate>Mon, 06 Apr 2020 00:00:00 +0000</pubDate>
      
      <guid>/tags/toc/</guid>
      <description></description>
    </item>
    
    <item>
      <title>css</title>
      <link>/tags/css/</link>
      <pubDate>Mon, 11 Mar 2019 00:00:00 +0000</pubDate>
      
      <guid>/tags/css/</guid>
      <description></description>
    </item>
    
    <item>
      <title>html</title>
      <link>/tags/html/</link>
      <pubDate>Mon, 11 Mar 2019 00:00:00 +0000</pubDate>
      
      <guid>/tags/html/</guid>
      <description></description>
    </item>
    
    <item>
      <title>markdown</title>
      <link>/tags/markdown/</link>
      <pubDate>Mon, 11 Mar 2019 00:00:00 +0000</pubDate>
      
      <guid>/tags/markdown/</guid>
      <description></description>
    </item>
    
    <item>
      <title>themes</title>
      <link>/tags/themes/</link>
      <pubDate>Mon, 11 Mar 2019 00:00:00 +0000</pubDate>
      
      <guid>/tags/themes/</guid>
      <description></description>
    </item>
    
  </channel>
</rss>