<?xml version="1.0" encoding="utf-8" standalone="yes"?>
<rss version="2.0" xmlns:atom="http://www.w3.org/2005/Atom">
  <channel>
    <title>graph on Data science for students</title>
    <link>/categories/graph/</link>
    <description>Recent content in graph on Data science for students</description>
    <generator>Hugo -- gohugo.io</generator>
    <language>en-us</language>
    <lastBuildDate>Sun, 19 Apr 2020 00:00:00 +0000</lastBuildDate>
    
	<atom:link href="/categories/graph/index.xml" rel="self" type="application/rss+xml" />
    
    
    <item>
      <title>This is a test</title>
      <link>/2020/04/19/graphics/</link>
      <pubDate>Sun, 19 Apr 2020 00:00:00 +0000</pubDate>
      
      <guid>/2020/04/19/graphics/</guid>
      <description>trueHi !Lorem ipsum dolor sit amet, consectetur adipiscing elit, sed do eiusmod tempor incididunt ut labore et dolore magna aliqua. Ut enim ad minim veniam, quis nostrud exercitation ullamco laboris nisi ut aliquip ex ea commodo consequat. Duis aute irure dolor in reprehenderit in voluptate velit esse cillum dolore eu fugiat nulla pariatur. Excepteur sint occaecat cupidatat non proident, sunt in culpa qui officia deserunt mollit anim id est laborum.</description>
    </item>
    
  </channel>
</rss>