<?xml version="1.0" encoding="utf-8" standalone="yes"?>
<rss version="2.0" xmlns:atom="http://www.w3.org/2005/Atom">
  <channel>
    <title>Data science for students</title>
    <link>/authors/zyad-benameur/</link>
    <description>Recent content on Data science for students</description>
    <generator>Hugo -- gohugo.io</generator>
    <language>en-us</language>
    <lastBuildDate>Sun, 26 Apr 2020 00:00:00 +0000</lastBuildDate>
    
	<atom:link href="/authors/zyad-benameur/index.xml" rel="self" type="application/rss+xml" />
    
    
    <item>
      <title>New Test</title>
      <link>/2020/04/26/new-test/</link>
      <pubDate>Sun, 26 Apr 2020 00:00:00 +0000</pubDate>
      
      <guid>/2020/04/26/new-test/</guid>
      <description>yesR MarkdownThis is an R Markdown document. Markdown is a simple formatting syntax for authoring HTML, PDF, and MS Word documents. For more details on using R Markdown see http://rmarkdown.rstudio.com.
When you click the Knit button a document will be generated that includes both content as well as the output of any embedded R code chunks within the document. You can embed an R code chunk like this:</description>
    </item>
    
    <item>
      <title>Systèmes de recommandation en R</title>
      <link>/2020/04/24/recommander-systems/</link>
      <pubDate>Fri, 24 Apr 2020 00:00:00 +0000</pubDate>
      
      <guid>/2020/04/24/recommander-systems/</guid>
      <description>trueRecommender systemsAu cours des dernières années, certaines grandes entreprises ont connu un essor phénoménal grâce aux données de leurs utilisateurs. La collecte de ses données leurs permette de prendre de meilleures décisions et invite l’utilisateur a utilisé davantage leurs plateformes. Cette fidélisation et satisfaction de la clientèle est au coeur des systèmes de recommandations.
Selon , les systèmes de recommandation (S.R.), dans leur forme la plus simple, peuvent être vu comme un système de classification.</description>
    </item>
    
    <item>
      <title>Author testing</title>
      <link>/2020/04/23/new-test/</link>
      <pubDate>Thu, 23 Apr 2020 00:00:00 +0000</pubDate>
      
      <guid>/2020/04/23/new-test/</guid>
      <description>yesHi this is me
HiHi</description>
    </item>
    
    <item>
      <title>Title of my Rmd</title>
      <link>/2020/04/20/rmd-external/</link>
      <pubDate>Mon, 20 Apr 2020 00:00:00 +0000</pubDate>
      
      <guid>/2020/04/20/rmd-external/</guid>
      <description>trueR MarkdownThis is an R Markdown document. Markdown is a simple formatting syntax for authoring HTML, PDF, and MS Word documents. For more details on using R Markdown see http://rmarkdown.rstudio.com.
When you click the Knit button a document will be generated that includes both content as well as the output of any embedded R code chunks within the document. You can embed an R code chunk like this:</description>
    </item>
    
    <item>
      <title>toc test</title>
      <link>/2020/04/06/toc-test/</link>
      <pubDate>Mon, 06 Apr 2020 00:00:00 +0000</pubDate>
      
      <guid>/2020/04/06/toc-test/</guid>
      <description>trueHello this is me.
HiHi 2Hi 3</description>
    </item>
    
  </channel>
</rss>