<?xml version="1.0" encoding="utf-8" standalone="yes"?>
<rss version="2.0" xmlns:atom="http://www.w3.org/2005/Atom">
  <channel>
    <title>R Markdown on Data science for students</title>
    <link>/tags/r-markdown/</link>
    <description>Recent content in R Markdown on Data science for students</description>
    <generator>Hugo -- gohugo.io</generator>
    <language>en-us</language>
    <lastBuildDate>Mon, 20 Apr 2020 00:00:00 +0000</lastBuildDate>
    
	<atom:link href="/tags/r-markdown/index.xml" rel="self" type="application/rss+xml" />
    
    
    <item>
      <title>Markdown Syntax</title>
      <link>/2020/04/20/rmd-r/</link>
      <pubDate>Mon, 20 Apr 2020 00:00:00 +0000</pubDate>
      
      <guid>/2020/04/20/rmd-r/</guid>
      <description>trueHello this is me.
HeadingsThe following HTML &amp;lt;h1&amp;gt;—&amp;lt;h6&amp;gt; elements represent six levels of section headings. &amp;lt;h1&amp;gt; is the highest section level while &amp;lt;h6&amp;gt; is the lowest.
H1H2H3H4H5H6ParagraphXerum, quo qui aut unt expliquam qui dolut labo. Aque venitatiusda cum, voluptionse latur sitiae dolessi aut parist aut dollo enim qui voluptate ma dolestendit peritin re plis aut quas inctum laceat est volestemque commosa as cus endigna tectur, offic to cor sequas etum rerum idem sintibus eiur?</description>
    </item>
    
    <item>
      <title>Title of my Rmd</title>
      <link>/2020/04/20/rmd-external/</link>
      <pubDate>Mon, 20 Apr 2020 00:00:00 +0000</pubDate>
      
      <guid>/2020/04/20/rmd-external/</guid>
      <description>trueR MarkdownThis is an R Markdown document. Markdown is a simple formatting syntax for authoring HTML, PDF, and MS Word documents. For more details on using R Markdown see http://rmarkdown.rstudio.com.
When you click the Knit button a document will be generated that includes both content as well as the output of any embedded R code chunks within the document. You can embed an R code chunk like this:</description>
    </item>
    
  </channel>
</rss>