<?xml version="1.0" encoding="utf-8" standalone="yes"?>
<rss version="2.0" xmlns:atom="http://www.w3.org/2005/Atom">
  <channel>
    <title>Categories on Data science for students</title>
    <link>/categories/</link>
    <description>Recent content in Categories on Data science for students</description>
    <generator>Hugo -- gohugo.io</generator>
    <language>en-us</language>
    <lastBuildDate>Sun, 26 Apr 2020 00:00:00 +0000</lastBuildDate>
    
	<atom:link href="/categories/index.xml" rel="self" type="application/rss+xml" />
    
    
    <item>
      <title>R</title>
      <link>/categories/r/</link>
      <pubDate>Sun, 26 Apr 2020 00:00:00 +0000</pubDate>
      
      <guid>/categories/r/</guid>
      <description></description>
    </item>
    
    <item>
      <title>Tutorial</title>
      <link>/categories/tutorial/</link>
      <pubDate>Fri, 24 Apr 2020 00:00:00 +0000</pubDate>
      
      <guid>/categories/tutorial/</guid>
      <description></description>
    </item>
    
    <item>
      <title>ggplot2</title>
      <link>/categories/ggplot2/</link>
      <pubDate>Sun, 19 Apr 2020 00:00:00 +0000</pubDate>
      
      <guid>/categories/ggplot2/</guid>
      <description></description>
    </item>
    
    <item>
      <title>graph</title>
      <link>/categories/graph/</link>
      <pubDate>Sun, 19 Apr 2020 00:00:00 +0000</pubDate>
      
      <guid>/categories/graph/</guid>
      <description></description>
    </item>
    
    <item>
      <title>syntax</title>
      <link>/categories/syntax/</link>
      <pubDate>Mon, 11 Mar 2019 00:00:00 +0000</pubDate>
      
      <guid>/categories/syntax/</guid>
      <description></description>
    </item>
    
    <item>
      <title>themes</title>
      <link>/categories/themes/</link>
      <pubDate>Mon, 11 Mar 2019 00:00:00 +0000</pubDate>
      
      <guid>/categories/themes/</guid>
      <description></description>
    </item>
    
  </channel>
</rss>