<?xml version="1.0" encoding="utf-8" standalone="yes"?>
<rss version="2.0" xmlns:atom="http://www.w3.org/2005/Atom">
  <channel>
    <title>html on Data science for students</title>
    <link>/tags/html/</link>
    <description>Recent content in html on Data science for students</description>
    <generator>Hugo -- gohugo.io</generator>
    <language>en-us</language>
    <lastBuildDate>Mon, 11 Mar 2019 00:00:00 +0000</lastBuildDate>
    
	<atom:link href="/tags/html/index.xml" rel="self" type="application/rss+xml" />
    
    
    <item>
      <title>Markdown Syntax Guide</title>
      <link>/2019/03/11/markdown-syntax-guide/</link>
      <pubDate>Mon, 11 Mar 2019 00:00:00 +0000</pubDate>
      
      <guid>/2019/03/11/markdown-syntax-guide/</guid>
      <description>&lt;p&gt;This article offers a sample of basic Markdown syntax that can be used in Hugo content files, also it shows whether basic HTML elements are decorated with CSS in a Hugo theme.&lt;/p&gt;</description>
    </item>
    
  </channel>
</rss>